state,year,total_rev,local_rev,state_rev,fed_rev
Alabama,1995,9400,2448,6033,918
Alabama,1996,9062,2401,5759,902
Alabama,1997,10464,2909,6567,989
Alabama,1998,10631,3021,6650,961
Alabama,1999,11178,3314,6881,983
Alabama,2000,11822,3523,7268,1031
Alabama,2001,11260,3465,6709,1086
Alabama,2002,11656,3657,6843,1156
Alabama,2003,11472,3668,6550,1253
Alabama,2004,11340,3724,6292,1325
Alabama,2005,11880,3987,6550,1343
Alabama,2006,11959,3934,6653,1372
Alabama,2007,12625,4124,7270,1231
Alabama,2008,13122,4018,7896,1208
Alabama,2009,11902,3803,6892,1207
Alabama,2010,11871,3826,6196,1849
Alabama,2011,11839,3746,6364,1729
Alabama,2012,11051,3714,6114,1223
Alabama,2013,10858,3762,5872,1223
Alabama,2014,10853,3741,5945,1166
Alabama,2015,,,,
Alabama,2016,11023,3846,6012,1165
Alabama,2017,11284,3922,6205,1157
Alaska,1995,18087,4598,11497,1992
Alaska,1996,17594,4565,11089,1940
Alaska,1997,17118,4446,10470,2201
Alaska,1998,17528,4404,10838,2286
Alaska,1999,17171,4363,10223,2585
Alaska,2000,17472,4520,10298,2654
Alaska,2001,17047,4671,9427,2949
Alaska,2002,17101,4408,9600,3093
Alaska,2003,17191,4258,9806,3128
Alaska,2004,17156,4424,9406,3327
Alaska,2005,17752,4640,9751,3361
Alaska,2006,17081,4376,9659,3046
Alaska,2007,18080,4679,10567,2834
Alaska,2008,21140,4500,13710,2931
Alaska,2009,20473,4633,12875,2965
Alaska,2010,20684,4699,12582,3403
Alaska,2011,21148,4678,12702,3769
Alaska,2012,20950,4601,13255,3094
Alaska,2013,21709,4407,14564,2737
Alaska,2014,21292,4415,14298,2579
Alaska,2015,24123,4528,16752,2844
Alaska,2016,20296,4667,13128,2500
Alaska,2017,20050,4433,12813,2804
Arizona,1995,10541,4889,4612,1040
Arizona,1996,10737,5095,4660,982
Arizona,1997,10742,5022,4718,1002
Arizona,1998,11160,5154,4870,1136
Arizona,1999,11425,5130,5200,1095
Arizona,2000,11881,5342,5380,1159
Arizona,2001,11463,5036,5273,1154
Arizona,2002,11758,4971,5607,1180
Arizona,2003,11830,4933,5560,1337
Arizona,2004,12131,4971,5742,1419
Arizona,2005,11924,4939,5583,1402
Arizona,2006,11787,4763,5638,1387
Arizona,2007,11810,4517,6019,1274
Arizona,2008,11701,4499,5977,1224
Arizona,2009,10970,4556,5142,1272
Arizona,2010,11088,4727,4323,2038
Arizona,2011,10401,4644,4245,1512
Arizona,2012,9536,4386,3924,1225
Arizona,2013,9594,4260,4009,1325
Arizona,2014,9377,4054,4162,1161
Arizona,2015,9336,3918,4221,1197
Arizona,2016,9799,3938,4583,1278
Arizona,2017,9773,3986,4524,1263
Arkansas,1995,9332,2792,5644,896
Arkansas,1996,9553,3041,5672,841
Arkansas,1997,9982,3180,5877,924
Arkansas,1998,10679,3475,6262,942
Arkansas,1999,10954,3647,6359,948
Arkansas,2000,11151,3663,6489,998
Arkansas,2001,11228,3771,6421,1036
Arkansas,2002,11571,4010,6344,1217
Arkansas,2003,11571,3874,6340,1357
Arkansas,2004,11545,3977,6125,1442
Arkansas,2005,12672,3946,7303,1423
Arkansas,2006,12547,4048,7076,1423
Arkansas,2007,12343,3970,7023,1350
Arkansas,2008,12206,4039,6874,1294
Arkansas,2009,12350,4138,6822,1390
Arkansas,2010,12995,4252,6721,2022
Arkansas,2011,12852,4246,6555,2051
Arkansas,2012,12489,4483,6400,1606
Arkansas,2013,11839,4209,6294,1336
Arkansas,2014,11742,4234,6257,1251
Arkansas,2015,11868,4317,6251,1300
Arkansas,2016,12083,4445,6309,1329
Arkansas,2017,12077,4516,6248,1312
California,1995,11268,4335,5936,998
California,1996,11333,4207,6182,943
California,1997,12325,4221,7118,985
California,1998,12939,4333,7568,1039
California,1999,12998,4404,7477,1118
California,2000,13791,4628,7986,1177
California,2001,14887,4901,8803,1182
California,2002,14629,4946,8326,1356
California,2003,15409,5254,8665,1490
California,2004,14777,5346,7805,1626
California,2005,14475,4679,8135,1662
California,2006,14684,4745,8297,1642
California,2007,15320,4852,8951,1518
California,2008,15022,4871,8700,1452
California,2009,14632,4768,7938,1925
California,2010,13258,4619,6727,1912
California,2011,13531,4425,7202,1905
California,2012,12807,4418,6758,1632
California,2013,12438,4676,6348,1415
California,2014,12695,4658,6737,1300
California,2015,13569,4913,7346,1310
California,2016,15482,5310,8834,1338
California,2017,15700,5621,8730,1349
Colorado,1995,11774,6127,5009,639
Colorado,1996,11747,6134,5024,589
Colorado,1997,11904,6173,5140,590
Colorado,1998,12050,6258,5198,594
Colorado,1999,12516,6604,5291,620
Colorado,2000,12670,6802,5203,665
Colorado,2001,12602,6702,5213,686
Colorado,2002,13027,6793,5479,755
Colorado,2003,13475,6808,5810,856
Colorado,2004,13347,6661,5796,890
Colorado,2005,13282,6695,5679,908
Colorado,2006,13080,6611,5535,934
Colorado,2007,12913,6460,5563,890
Colorado,2008,12769,6512,5394,862
Colorado,2009,12750,6268,5574,909
Colorado,2010,12991,6265,5669,1058
Colorado,2011,12397,6038,4981,1378
Colorado,2012,11743,5695,5088,960
Colorado,2013,,,,
Colorado,2014,11519,5640,5020,859
Colorado,2015,,,,
Colorado,2016,12343,6089,5386,868
Colorado,2017,12471,6219,5421,832
Connecticut,1995,18334,10990,6732,612
Connecticut,1996,18579,11183,6752,643
Connecticut,1997,18272,11106,6562,605
Connecticut,1998,18508,11060,6746,702
Connecticut,1999,19262,11164,7334,764
Connecticut,2000,19595,11124,7665,806
Connecticut,2001,19979,11583,7563,833
Connecticut,2002,20017,11601,7526,890
Connecticut,2003,20237,11952,7241,1044
Connecticut,2004,20354,12253,7077,1023
Connecticut,2005,20998,12210,7706,1083
Connecticut,2006,21389,12389,8014,985
Connecticut,2007,21345,12477,7940,928
Connecticut,2008,21390,12379,8121,890
Connecticut,2009,21986,12841,8228,918
Connecticut,2010,21539,12495,7234,1811
Connecticut,2011,21228,12508,7001,1719
Connecticut,2012,21518,12371,8061,1086
Connecticut,2013,21640,12525,8179,937
Connecticut,2014,22189,12669,8619,901
Connecticut,2015,22897,12894,9056,947
Connecticut,2016,23772,13500,9277,995
Connecticut,2017,23404,13612,8804,988
Delaware,1995,15250,4560,9707,983
Delaware,1996,15720,4467,10362,892
Delaware,1997,15801,4682,10122,997
Delaware,1998,15909,4769,10121,1019
Delaware,1999,16460,4855,10600,1005
Delaware,2000,17145,4868,11192,1085
Delaware,2001,17358,4845,11353,1160
Delaware,2002,17381,4882,11232,1267
Delaware,2003,17730,5111,11311,1308
Delaware,2004,18159,5486,11262,1411
Delaware,2005,18360,5526,11473,1360
Delaware,2006,18554,5590,11650,1314
Delaware,2007,19241,5904,12169,1167
Delaware,2008,18348,5949,11273,1126
Delaware,2009,17802,5766,10892,1144
Delaware,2010,17611,5650,10126,1835
Delaware,2011,17034,5354,9827,1854
Delaware,2012,17663,5513,10397,1753
Delaware,2013,17953,6087,10466,1400
Delaware,2014,17311,6017,10110,1184
Delaware,2015,17693,6470,9986,1237
Delaware,2016,17772,6385,10231,1157
Delaware,2017,18916,6783,10968,1165
District of Columbia,1995,17673,16019,,1654
District of Columbia,1996,16858,15421,,1437
District of Columbia,1997,17534,15731,,1803
District of Columbia,1998,17403,14538,,2865
District of Columbia,1999,19445,16291,,3154
District of Columbia,2000,22007,17393,,4615
District of Columbia,2001,25668,22839,,2829
District of Columbia,2002,27450,24037,,3413
District of Columbia,2003,26515,22883,,3632
District of Columbia,2004,25213,21422,,3791
District of Columbia,2005,25251,21387,,3863
District of Columbia,2006,24473,21655,,2818
District of Columbia,2007,26065,22825,,3240
District of Columbia,2008,25843,23502,,2342
District of Columbia,2009,22727,20514,,2213
District of Columbia,2010,29359,26743,,2617
District of Columbia,2011,30542,26764,,3778
District of Columbia,2012,30990,27738,,3252
District of Columbia,2013,29627,26719,,2908
District of Columbia,2014,29145,26252,,2893
District of Columbia,2015,28643,25733,,2910
District of Columbia,2016,28050,25127,,2923
District of Columbia,2017,31277,28330,,2947
Florida,1995,12761,5574,6282,905
Florida,1996,12466,5530,6077,858
Florida,1997,12419,5489,6072,858
Florida,1998,12916,5579,6412,925
Florida,1999,13507,5615,6890,1001
Florida,2000,13050,5467,6543,1040
Florida,2001,12890,5432,6366,1092
Florida,2002,12243,5439,5641,1164
Florida,2003,12385,5641,5505,1240
Florida,2004,12897,5878,5722,1297
Florida,2005,12911,6088,5528,1295
Florida,2006,13330,6684,5356,1290
Florida,2007,14442,7411,5787,1244
Florida,2008,14308,7483,5642,1183
Florida,2009,12474,6946,4260,1269
Florida,2010,12157,6403,3808,1947
Florida,2011,11858,5681,4065,2111
Florida,2012,10431,5345,3760,1326
Florida,2013,10282,5082,3939,1261
Florida,2014,10459,5015,4196,1248
Florida,2015,10555,5162,4172,1220
Florida,2016,10856,5409,4232,1215
Florida,2017,10939,5452,4280,1208
Georgia,1995,11200,4670,5798,732
Georgia,1996,11651,4749,6138,765
Georgia,1997,11797,4646,6397,754
Georgia,1998,12628,5328,6496,804
Georgia,1999,13582,5980,6734,868
Georgia,2000,13824,6285,6674,864
Georgia,2001,14331,6519,6935,876
Georgia,2002,14551,6462,7091,997
Georgia,2003,14409,6340,6965,1104
Georgia,2004,14360,6706,6434,1221
Georgia,2005,13950,6537,6110,1303
Georgia,2006,14133,6622,6239,1272
Georgia,2007,14474,6826,6446,1203
Georgia,2008,14321,6744,6465,1111
Georgia,2009,13454,6428,5796,1231
Georgia,2010,13066,6225,4939,1903
Georgia,2011,12744,5843,5299,1602
Georgia,2012,12060,5642,5140,1278
Georgia,2013,11569,5317,5059,1194
Georgia,2014,11365,5183,5038,1145
Georgia,2015,11592,5225,5229,1138
Georgia,2016,12029,5421,5495,1113
Georgia,2017,12413,5623,5668,1122
Hawaii,1995,12962,317,11733,912
Hawaii,1996,12699,302,11429,968
Hawaii,1997,12535,306,11240,989
Hawaii,1998,12787,310,11406,1071
Hawaii,1999,13026,305,11442,1280
Hawaii,2000,13355,291,11856,1208
Hawaii,2001,15489,277,13915,1298
Hawaii,2002,16904,315,15067,1522
Hawaii,2003,18174,308,16377,1489
Hawaii,2004,18009,429,15588,1992
Hawaii,2005,18263,406,15954,1903
Hawaii,2006,20670,370,18579,1722
Hawaii,2007,21929,351,19692,1885
Hawaii,2008,17827,538,15110,2179
Hawaii,2009,18508,632,15173,2703
Hawaii,2010,17380,604,14184,2591
Hawaii,2011,16490,417,13781,2292
Hawaii,2012,15997,347,13639,2011
Hawaii,2013,14154,352,11915,1886
Hawaii,2014,15751,322,13753,1676
Hawaii,2015,15993,371,14088,1534
Hawaii,2016,17947,350,16051,1546
Hawaii,2017,16644,339,14830,1476
Idaho,1995,9149,2843,5623,683
Idaho,1996,9244,2734,5855,656
Idaho,1997,9483,2941,5904,638
Idaho,1998,10182,3099,6385,699
Idaho,1999,10593,3322,6541,729
Idaho,2000,10508,3279,6433,796
Idaho,2001,10928,3351,6722,856
Idaho,2002,10963,3341,6679,943
Idaho,2003,10903,3424,6428,1051
Idaho,2004,10639,3365,6185,1089
Idaho,2005,10385,3337,5940,1108
Idaho,2006,10110,3357,5672,1081
Idaho,2007,10114,2344,6751,1018
Idaho,2008,10147,2497,6683,966
Idaho,2009,9997,2269,6726,1002
Idaho,2010,9878,2229,5629,2020
Idaho,2011,9245,2070,5890,1285
Idaho,2012,8426,1974,5328,1123
Idaho,2013,8208,1981,5265,963
Idaho,2014,7964,1979,5108,878
Idaho,2015,8432,2087,5455,890
Idaho,2016,8787,2141,5729,917
Idaho,2017,9038,2191,5972,875
Illinois,1995,13099,8397,3967,735
Illinois,1996,13107,8478,3879,750
Illinois,1997,13760,8901,4026,833
Illinois,1998,14085,9026,4143,916
Illinois,1999,14946,9190,4767,990
Illinois,2000,15454,9240,5095,1118
Illinois,2001,15460,9184,5111,1165
Illinois,2002,15337,9068,5120,1149
Illinois,2003,15244,9014,4977,1252
Illinois,2004,15663,9292,5071,1300
Illinois,2005,15337,9334,4700,1303
Illinois,2006,15130,9569,4305,1257
Illinois,2007,15247,9611,4459,1177
Illinois,2008,15287,9549,4538,1200
Illinois,2009,15742,9606,4183,1952
Illinois,2010,16394,9472,4712,2211
Illinois,2011,16729,9813,5274,1641
Illinois,2012,16549,9957,5247,1345
Illinois,2013,16429,9863,5303,1263
Illinois,2014,16411,9676,5520,1215
Illinois,2015,16892,9855,5846,1191
Illinois,2016,17435,10155,6043,1237
Illinois,2017,18912,10513,7183,1215
Indiana,1995,13687,6064,7009,614
Indiana,1996,13048,5724,6700,623
Indiana,1997,15568,7496,7470,602
Indiana,1998,14746,6822,7261,662
Indiana,1999,15260,6904,7650,706
Indiana,2000,15196,6736,7697,763
Indiana,2001,15679,7028,7887,764
Indiana,2002,15398,7146,7383,869
Indiana,2003,13258,4972,7347,939
Indiana,2004,16017,7261,7753,1004
Indiana,2005,16885,8281,7574,1029
Indiana,2006,15747,7418,7322,1007
Indiana,2007,13401,5716,6704,982
Indiana,2008,13843,6305,6551,988
Indiana,2009,15599,6942,6969,1688
Indiana,2010,16562,6084,8703,1775
Indiana,2011,13939,4272,8468,1199
Indiana,2012,14046,4301,8470,1274
Indiana,2013,13576,4088,8361,1126
Indiana,2014,13311,4029,8236,1045
Indiana,2015,13252,4017,8206,1029
Indiana,2016,13535,4161,8328,1046
Indiana,2017,13519,4133,8384,1002
Iowa,1995,12526,6329,5623,574
Iowa,1996,12852,6405,5864,583
Iowa,1997,13126,6192,6344,590
Iowa,1998,13600,6463,6500,637
Iowa,1999,13844,6582,6573,689
Iowa,2000,13580,6133,6676,771
Iowa,2001,13948,6463,6664,821
Iowa,2002,14239,6678,6631,930
Iowa,2003,14580,6983,6581,1015
Iowa,2004,14128,6715,6278,1135
Iowa,2005,14265,6835,6311,1119
Iowa,2006,14151,6769,6235,1148
Iowa,2007,14272,6937,6262,1073
Iowa,2008,14297,6866,6412,1020
Iowa,2009,14520,6980,6447,1092
Iowa,2010,14279,6956,5513,1810
Iowa,2011,14575,7084,6065,1426
Iowa,2012,14576,7151,6234,1191
Iowa,2013,14104,6071,7002,1031
Iowa,2014,14011,5975,7047,989
Iowa,2015,14335,5968,7389,979
Iowa,2016,14680,6092,7602,986
Iowa,2017,14981,6207,7778,996
Kansas,1995,12456,4743,7108,605
Kansas,1996,12474,4774,7099,600
Kansas,1997,12588,4965,6990,634
Kansas,1998,12984,4657,7562,765
Kansas,1999,13309,4300,8217,792
Kansas,2000,13243,4122,8288,834
Kansas,2001,13344,4310,8168,866
Kansas,2002,13424,4420,8012,991
Kansas,2003,13905,4648,8194,1063
Kansas,2004,14410,5886,7407,1118
Kansas,2005,13263,4731,7411,1121
Kansas,2006,13896,4984,7893,1018
Kansas,2007,14259,5087,8192,981
Kansas,2008,14507,5112,8467,928
Kansas,2009,14741,5106,8641,994
Kansas,2010,14035,4939,7362,1734
Kansas,2011,13555,4849,7207,1498
Kansas,2012,13314,4816,7526,973
Kansas,2013,13005,4710,7329,966
Kansas,2014,12057,4256,6917,884
Kansas,2015,12999,3360,8608,1031
Kansas,2016,13192,3621,8584,987
Kansas,2017,14109,4287,8666,1156
Kentucky,1995,11133,3100,7041,992
Kentucky,1996,11226,3238,7042,945
Kentucky,1997,11791,3434,7307,1049
Kentucky,1998,11586,3408,7096,1082
Kentucky,1999,11815,3452,7293,1070
Kentucky,2000,11834,3527,7141,1167
Kentucky,2001,11961,3593,7192,1176
Kentucky,2002,11659,3509,6923,1227
Kentucky,2003,11849,3560,7063,1225
Kentucky,2004,11962,3633,6915,1414
Kentucky,2005,11874,3657,6808,1409
Kentucky,2006,12335,3869,7068,1398
Kentucky,2007,12788,4091,7305,1392
Kentucky,2008,12574,3975,7277,1321
Kentucky,2009,12365,3902,7136,1327
Kentucky,2010,12356,3878,6575,1903
Kentucky,2011,12506,3936,6520,2050
Kentucky,2012,12159,3868,6629,1662
Kentucky,2013,11812,3908,6483,1420
Kentucky,2014,11647,3926,6390,1330
Kentucky,2015,11826,3953,6543,1330
Kentucky,2016,12159,4076,6701,1382
Kentucky,2017,12300,4159,6726,1415
Louisiana,1995,9661,3422,5094,1145
Louisiana,1996,9657,3568,4924,1166
Louisiana,1997,9838,3690,5003,1145
Louisiana,1998,10890,4115,5554,1221
Louisiana,1999,11194,4206,5703,1285
Louisiana,2000,11261,4395,5558,1309
Louisiana,2001,11472,4557,5584,1330
Louisiana,2002,11907,4612,5775,1520
Louisiana,2003,12173,4667,5864,1642
Louisiana,2004,12249,4688,5876,1685
Louisiana,2005,12248,4803,5714,1731
Louisiana,2006,14608,5794,6063,2751
Louisiana,2007,14089,5772,5853,2465
Louisiana,2008,14744,5851,6420,2474
Louisiana,2009,14850,5887,6634,2328
Louisiana,2010,14777,5811,6121,2845
Louisiana,2011,14204,5741,5792,2671
Louisiana,2012,14623,5764,6214,2645
Louisiana,2013,13507,5809,5640,2058
Louisiana,2014,13705,5933,5691,2081
Louisiana,2015,13708,6012,5691,2005
Louisiana,2016,,,,
Louisiana,2017,13573,6222,5657,1694
Maine,1995,13848,6853,6247,749
Maine,1996,13778,7043,6006,729
Maine,1997,13968,7207,6084,677
Maine,1998,14431,7458,6235,738
Maine,1999,14941,7724,6476,741
Maine,2000,15107,7848,6420,839
Maine,2001,15638,8127,6636,875
Maine,2002,16363,8428,6848,1087
Maine,2003,17049,8868,6892,1289
Maine,2004,17098,8960,6677,1461
Maine,2005,17208,9116,6629,1463
Maine,2006,17002,8798,6766,1438
Maine,2007,17408,8629,7420,1359
Maine,2008,16955,8349,7333,1274
Maine,2009,17289,8377,7297,1615
Maine,2010,17684,8555,7043,2085
Maine,2011,16759,8341,6594,1824
Maine,2012,16080,8348,6247,1485
Maine,2013,16269,8669,6397,1202
Maine,2014,16374,8890,6374,1111
Maine,2015,16834,9250,6465,1119
Maine,2016,17091,9469,6507,1114
Maine,2017,17091,9509,6481,1100
Maryland,1995,14327,8346,5287,694
Maryland,1996,13995,8005,5321,669
Maryland,1997,14301,8060,5549,692
Maryland,1998,14901,8413,5745,743
Maryland,1999,15008,8307,5886,815
Maryland,2000,15483,8777,5852,854
Maryland,2001,15651,8893,5828,929
Maryland,2002,16172,9149,6011,1012
Maryland,2003,16133,8923,6151,1059
Maryland,2004,16234,9084,6115,1035
Maryland,2005,16836,9358,6338,1140
Maryland,2006,17373,9492,6804,1077
Maryland,2007,18197,9864,7302,1031
Maryland,2008,19542,10290,8205,1047
Maryland,2009,19244,9888,8339,1017
Maryland,2010,19181,9756,7980,1446
Maryland,2011,18692,9287,7659,1746
Maryland,2012,18566,9332,8073,1160
Maryland,2013,18024,8993,7950,1081
Maryland,2014,17616,8793,7794,1028
Maryland,2015,17878,9135,7732,1011
Maryland,2016,17656,8884,7762,1009
Maryland,2017,17879,9065,7792,1021
Massachusetts,1995,16649,11283,4761,604
Massachusetts,1996,15486,8253,6577,656
Massachusetts,1997,15836,8153,6973,710
Massachusetts,1998,15565,8412,6414,739
Massachusetts,1999,16156,8480,6879,797
Massachusetts,2000,17438,9317,7235,886
Massachusetts,2001,18650,10182,7606,861
Massachusetts,2002,19297,10211,8054,1032
Massachusetts,2003,19260,10172,7905,1184
Massachusetts,2004,19249,10412,7594,1243
Massachusetts,2005,19984,10441,8370,1173
Massachusetts,2006,20820,10638,9080,1102
Massachusetts,2007,20481,10313,9109,1059
Massachusetts,2008,19691,10465,8227,999
Massachusetts,2009,20167,10912,7699,1556
Massachusetts,2010,19035,10314,7327,1394
Massachusetts,2011,19110,10446,7178,1486
Massachusetts,2012,19602,10873,7503,1227
Massachusetts,2013,18420,10978,6438,1004
Massachusetts,2014,19625,11151,7526,948
Massachusetts,2015,19929,11299,7711,919
Massachusetts,2016,20322,11841,7582,900
Massachusetts,2017,20942,12268,7773,901
Michigan,1995,15821,4751,10193,877
Michigan,1996,15805,4739,10279,788
Michigan,1997,15831,4861,10043,928
Michigan,1998,16618,4938,10702,978
Michigan,1999,16576,5120,10348,1108
Michigan,2000,16566,5163,10332,1071
Michigan,2001,16695,5178,10431,1086
Michigan,2002,17277,5354,10723,1201
Michigan,2003,16839,5375,10227,1236
Michigan,2004,16600,5428,9903,1269
Michigan,2005,16316,5624,9397,1295
Michigan,2006,16033,5681,9109,1243
Michigan,2007,16157,5978,8966,1213
Michigan,2008,15482,5857,8491,1134
Michigan,2009,15476,5597,8205,1674
Michigan,2010,15374,5541,7914,1919
Michigan,2011,15426,5320,8085,2021
Michigan,2012,14760,5254,8011,1495
Michigan,2013,14474,5074,8081,1320
Michigan,2014,14344,4981,8105,1257
Michigan,2015,14778,5055,8454,1269
Michigan,2016,15118,5214,8650,1254
Michigan,2017,15275,5287,8772,1215
Minnesota,1995,14282,6437,7261,585
Minnesota,1996,14576,5798,8201,577
Minnesota,1997,14570,6310,7679,581
Minnesota,1998,14981,6714,7580,688
Minnesota,1999,15159,5975,8478,705
Minnesota,2000,15400,5719,8983,698
Minnesota,2001,15870,5598,9557,715
Minnesota,2002,15998,5666,9506,826
Minnesota,2003,16514,3771,11827,916
Minnesota,2004,16342,4023,11351,968
Minnesota,2005,15851,4166,10711,974
Minnesota,2006,16005,4041,10986,978
Minnesota,2007,15862,4638,10315,910
Minnesota,2008,15762,4624,10245,892
Minnesota,2009,15906,4750,10247,909
Minnesota,2010,15797,4649,9236,1912
Minnesota,2011,16090,5388,9445,1258
Minnesota,2012,15308,4560,9680,1068
Minnesota,2013,15077,4559,9607,911
Minnesota,2014,15077,3814,10402,862
Minnesota,2015,15552,4440,10260,852
Minnesota,2016,16112,4625,10631,856
Minnesota,2017,16271,4745,10664,862
Mississippi,1995,8550,2516,4782,1252
Mississippi,1996,8820,2601,5058,1161
Mississippi,1997,8746,2753,4819,1175
Mississippi,1998,9028,2855,4960,1212
Mississippi,1999,9296,3004,5047,1246
Mississippi,2000,9706,3079,5322,1305
Mississippi,2001,9651,3137,5196,1319
Mississippi,2002,10162,3190,5500,1471
Mississippi,2003,10659,3345,5735,1579
Mississippi,2004,10932,3321,5989,1622
Mississippi,2005,10830,3358,5828,1644
Mississippi,2006,12101,3716,5963,2423
Mississippi,2007,11339,3474,5949,1915
Mississippi,2008,11379,3456,6112,1812
Mississippi,2009,11043,3475,5869,1699
Mississippi,2010,11074,3499,5229,2345
Mississippi,2011,10911,3476,5004,2431
Mississippi,2012,10523,3494,5160,1869
Mississippi,2013,10097,3460,5029,1607
Mississippi,2014,9923,3482,4968,1473
Mississippi,2015,10093,3506,5110,1478
Mississippi,2016,10521,3657,5335,1528
Mississippi,2017,10487,3695,5312,1480
Missouri,1995,11425,6402,4286,738
Missouri,1996,11908,6522,4650,736
Missouri,1997,11954,6537,4692,725
Missouri,1998,12504,6869,4827,808
Missouri,1999,12620,7001,4803,816
Missouri,2000,12910,7298,4765,847
Missouri,2001,13185,7455,4866,864
Missouri,2002,13527,7765,4774,988
Missouri,2003,13292,7613,4702,976
Missouri,2004,13356,7782,4524,1049
Missouri,2005,13593,7879,4583,1131
Missouri,2006,13522,7900,4490,1132
Missouri,2007,13005,7940,3996,1069
Missouri,2008,13118,8052,4041,1025
Missouri,2009,13111,7903,4150,1058
Missouri,2010,13048,7610,3470,1968
Missouri,2011,13123,7509,3822,1792
Missouri,2012,12910,7544,4069,1297
Missouri,2013,12659,7444,4083,1132
Missouri,2014,12510,7412,3997,1100
Missouri,2015,12821,7542,4126,1153
Missouri,2016,13132,7746,4261,1126
Missouri,2017,13344,7924,4302,1119
Montana,1995,11277,4608,5562,1107
Montana,1996,11318,4817,5419,1083
Montana,1997,11665,5115,5483,1067
Montana,1998,12122,5320,5599,1204
Montana,1999,12107,5398,5380,1329
Montana,2000,12404,5466,5468,1470
Montana,2001,12508,5193,5902,1413
Montana,2002,12715,5031,6031,1653
Montana,2003,12934,5155,5935,1843
Montana,2004,13264,5410,5851,2002
Montana,2005,12980,5250,5805,1924
Montana,2006,13228,5370,6029,1829
Montana,2007,13566,5348,6464,1754
Montana,2008,13819,5399,6776,1644
Montana,2009,14006,5636,6665,1705
Montana,2010,13983,5364,6414,2205
Montana,2011,13650,5467,5970,2213
Montana,2012,13189,5290,6164,1735
Montana,2013,13114,5275,6187,1653
Montana,2014,13096,5341,6230,1526
Montana,2015,13472,5513,6355,1605
Montana,2016,13360,5488,6237,1635
Montana,2017,13301,5545,6177,1578
Nebraska,1995,13019,8303,3986,730
Nebraska,1996,13084,8458,3935,691
Nebraska,1997,13284,8311,4202,771
Nebraska,1998,13430,8259,4319,852
Nebraska,1999,14047,7971,5117,959
Nebraska,2000,13909,7975,4998,936
Nebraska,2001,14012,8228,4797,988
Nebraska,2002,14709,8431,5118,1160
Nebraska,2003,14721,8469,4973,1278
Nebraska,2004,14883,8815,4761,1307
Nebraska,2005,14970,8898,4542,1530
Nebraska,2006,15198,9085,4637,1476
Nebraska,2007,14951,8986,4586,1379
Nebraska,2008,14673,8544,4733,1396
Nebraska,2009,14890,8632,5000,1259
Nebraska,2010,15383,8558,4900,1926
Nebraska,2011,15399,8552,4577,2270
Nebraska,2012,14404,8540,4463,1401
Nebraska,2013,14301,8450,4498,1353
Nebraska,2014,14205,8526,4550,1128
Nebraska,2015,14662,8814,4659,1188
Nebraska,2016,15002,8918,4901,1183
Nebraska,2017,15018,9053,4829,1136
Nevada,1995,11077,7217,3334,526
Nevada,1996,11598,7387,3707,503
Nevada,1997,11686,7497,3721,468
Nevada,1998,12203,7784,3877,542
Nevada,1999,12382,7825,4011,546
Nevada,2000,12249,8085,3564,600
Nevada,2001,11897,7913,3395,589
Nevada,2002,12051,7544,3795,712
Nevada,2003,12085,7606,3644,834
Nevada,2004,12317,7785,3643,889
Nevada,2005,12434,8149,3361,924
Nevada,2006,12493,8381,3236,876
Nevada,2007,12578,8323,3383,872
Nevada,2008,12767,7985,3955,827
Nevada,2009,12729,7607,3903,1218
Nevada,2010,12246,7220,4004,1022
Nevada,2011,11376,6399,3763,1214
Nevada,2012,10824,6183,3580,1062
Nevada,2013,10397,5893,3517,986
Nevada,2014,10438,5750,3757,931
Nevada,2015,10586,5836,3810,939
Nevada,2016,10767,5991,3841,935
Nevada,2017,11005,6041,3993,971
New Hampshire,1995,13063,11767,912,383
New Hampshire,1996,13170,11868,880,421
New Hampshire,1997,13410,12019,947,444
New Hampshire,1998,13702,11970,1231,502
New Hampshire,1999,13728,12024,1170,533
New Hampshire,2000,13799,5799,7525,475
New Hampshire,2001,14575,6608,7331,636
New Hampshire,2002,15342,6976,7671,695
New Hampshire,2003,16004,7651,7554,799
New Hampshire,2004,16689,8418,7364,908
New Hampshire,2005,16969,9659,6394,916
New Hampshire,2006,17084,9750,6431,904
New Hampshire,2007,17377,10200,6261,916
New Hampshire,2008,17510,10131,6502,877
New Hampshire,2009,17652,10449,6282,921
New Hampshire,2010,18047,10310,6588,1150
New Hampshire,2011,17934,10353,6457,1124
New Hampshire,2012,17908,10556,6221,1132
New Hampshire,2013,17848,10748,6117,983
New Hampshire,2014,18006,11107,5943,955
New Hampshire,2015,,,,
New Hampshire,2016,,,,
New Hampshire,2017,,,,
New Jersey,1995,20574,12311,7573,689
New Jersey,1996,20564,12268,7618,679
New Jersey,1997,20563,12238,7644,680
New Jersey,1998,21121,12353,8037,731
New Jersey,1999,21955,12566,8605,784
New Jersey,2000,21563,12349,8414,800
New Jersey,2001,21919,12474,8632,813
New Jersey,2002,22418,12377,9140,900
New Jersey,2003,23496,12857,9683,955
New Jersey,2004,24238,13243,9966,1028
New Jersey,2005,24678,13619,10042,1018
New Jersey,2006,24283,13563,9710,1010
New Jersey,2007,24533,13727,9831,976
New Jersey,2008,24077,13510,9647,920
New Jersey,2009,24086,13671,9480,935
New Jersey,2010,23690,13431,8136,2123
New Jersey,2011,22552,13369,8065,1118
New Jersey,2012,23899,13625,9075,1199
New Jersey,2013,23360,13579,8831,950
New Jersey,2014,23140,13072,9121,947
New Jersey,2015,23518,13254,9321,943
New Jersey,2016,23589,13249,9383,956
New Jersey,2017,23661,13566,9138,958
New Mexico,1995,10216,1396,7542,1277
New Mexico,1996,10523,1523,7704,1296
New Mexico,1997,10294,1454,7494,1346
New Mexico,1998,10953,1583,7917,1453
New Mexico,1999,11603,1577,8470,1556
New Mexico,2000,11933,1766,8554,1613
New Mexico,2001,12609,1880,8994,1734
New Mexico,2002,13211,1818,9550,1843
New Mexico,2003,13178,1693,9561,1924
New Mexico,2004,13671,1791,9524,2356
New Mexico,2005,13457,1802,9485,2169
New Mexico,2006,13225,1924,9391,1911
New Mexico,2007,13253,1895,9559,1800
New Mexico,2008,13687,2144,9750,1793
New Mexico,2009,13906,2128,9826,1952
New Mexico,2010,13394,2111,8506,2777
New Mexico,2011,12735,2108,8378,2250
New Mexico,2012,12050,2077,8282,1690
New Mexico,2013,12017,1999,8267,1751
New Mexico,2014,11980,2052,8405,1524
New Mexico,2015,12451,2229,8615,1607
New Mexico,2016,12612,2171,8783,1658
New Mexico,2017,12536,2345,8427,1764
New York,1995,18587,10207,7366,1015
New York,1996,18497,10114,7309,1073
New York,1997,18411,10210,7204,995
New York,1998,18727,10322,7384,1022
New York,1999,19591,10281,8147,1163
New York,2000,19738,10045,8495,1199
New York,2001,20468,9810,9520,1138
New York,2002,20775,9448,10048,1280
New York,2003,21269,10056,9764,1449
New York,2004,22245,10955,9623,1667
New York,2005,22984,11313,10021,1650
New York,2006,23599,11819,10104,1676
New York,2007,24494,11920,10997,1577
New York,2008,24620,12063,11108,1449
New York,2009,25631,12375,11790,1467
New York,2010,24543,12705,10203,1635
New York,2011,,,,
New York,2012,,,,
New York,2013,,,,
New York,2014,,,,
New York,2015,,,,
New York,2016,,,,
New York,2017,,,,
North Carolina,1995,10682,3104,6798,780
North Carolina,1996,10929,3524,6661,743
North Carolina,1997,10947,3365,6827,756
North Carolina,1998,11610,3359,7449,802
North Carolina,1999,12537,3490,8225,822
North Carolina,2000,12672,3556,8247,868
North Carolina,2001,12831,3904,8051,876
North Carolina,2002,12288,3796,7502,989
North Carolina,2003,12093,3718,7292,1082
North Carolina,2004,12308,3994,7129,1185
North Carolina,2005,12100,3860,7025,1215
North Carolina,2006,11836,3712,6932,1192
North Carolina,2007,12364,4161,7090,1113
North Carolina,2008,12156,3892,7164,1099
North Carolina,2009,13029,4884,6988,1157
North Carolina,2010,13950,6047,6289,1613
North Carolina,2011,11747,3976,6113,1658
North Carolina,2012,10050,2611,6023,1416
North Carolina,2013,9701,2499,6019,1183
North Carolina,2014,10131,3070,5931,1129
North Carolina,2015,9642,2504,6003,1136
North Carolina,2016,9857,2652,6096,1108
North Carolina,2017,10142,2797,6249,1095
North Dakota,1995,10933,5339,4367,1228
North Dakota,1996,10914,5313,4448,1154
North Dakota,1997,11181,5525,4424,1232
North Dakota,1998,11885,5858,4631,1397
North Dakota,1999,12391,6291,4617,1483
North Dakota,2000,12785,6493,4767,1524
North Dakota,2001,12765,6455,4708,1602
North Dakota,2002,13196,6739,4726,1731
North Dakota,2003,13671,6972,4748,1951
North Dakota,2004,14046,6890,5111,2045
North Dakota,2005,14204,7032,4997,2175
North Dakota,2006,14346,7236,4958,2152
North Dakota,2007,14373,7420,4888,2064
North Dakota,2008,14680,7650,5093,1937
North Dakota,2009,15031,7601,5323,2107
North Dakota,2010,16801,6134,7097,3570
North Dakota,2011,16103,6049,7755,2298
North Dakota,2012,15886,6223,7772,1890
North Dakota,2013,15588,6368,7602,1618
North Dakota,2014,16556,5400,9514,1642
North Dakota,2015,16707,5517,9584,1606
North Dakota,2016,17747,6429,9776,1542
North Dakota,2017,17566,6023,9959,1583
Ohio,1995,12617,7001,4867,750
Ohio,1996,13127,7157,5210,760
Ohio,1997,13248,7115,5369,764
Ohio,1998,13940,7482,5682,776
Ohio,1999,14558,7711,6058,789
Ohio,2000,14788,7766,6210,813
Ohio,2001,15536,8017,6633,887
Ohio,2002,16115,7995,7210,910
Ohio,2003,15985,7961,7042,982
Ohio,2004,16140,7946,7090,1105
Ohio,2005,16210,8028,7001,1180
Ohio,2006,16375,8213,6981,1181
Ohio,2007,16481,8226,7141,1113
Ohio,2008,16203,7935,7161,1107
Ohio,2009,16031,7516,7406,1110
Ohio,2010,16639,7591,7318,1730
Ohio,2011,16495,7530,7099,1866
Ohio,2012,15781,7622,6706,1453
Ohio,2013,14914,7699,6376,838
Ohio,2014,15493,7734,6590,1169
Ohio,2015,15979,7872,6963,1144
Ohio,2016,15646,8072,6420,1154
Ohio,2017,15974,8319,6514,1141
Oklahoma,1995,10456,3567,5985,903
Oklahoma,1996,10194,3357,5950,886
Oklahoma,1997,9872,3110,5945,817
Oklahoma,1998,10010,3110,6009,891
Oklahoma,1999,10278,3288,6080,911
Oklahoma,2000,10175,3313,5845,1016
Oklahoma,2001,10743,3381,6265,1097
Oklahoma,2002,10727,3482,5972,1273
Oklahoma,2003,11397,4094,5851,1452
Oklahoma,2004,11422,4122,5833,1467
Oklahoma,2005,11440,4147,5707,1586
Oklahoma,2006,11272,4171,5660,1442
Oklahoma,2007,11408,4277,5780,1351
Oklahoma,2008,11366,4288,5815,1263
Oklahoma,2009,11553,4303,5777,1473
Oklahoma,2010,10781,4386,4962,1433
Oklahoma,2011,10492,3818,4931,1743
Oklahoma,2012,10104,3786,4977,1341
Oklahoma,2013,9815,3793,4828,1195
Oklahoma,2014,9653,3773,4776,1103
Oklahoma,2015,9762,3845,4820,1096
Oklahoma,2016,9703,3920,4689,1094
Oklahoma,2017,9679,4024,4584,1071
Oregon,1995,12844,6058,5920,866
Oregon,1996,12675,5110,6844,722
Oregon,1997,12533,5260,6582,691
Oregon,1998,13146,4847,7511,787
Oregon,1999,13303,4864,7564,875
Oregon,2000,14224,5351,7999,874
Oregon,2001,14201,5193,7989,1019
Oregon,2002,14336,5151,7998,1187
Oregon,2003,13366,5345,6834,1186
Oregon,2004,14322,5539,7486,1298
Oregon,2005,13420,5567,6522,1331
Oregon,2006,13634,5462,6874,1298
Oregon,2007,13419,5250,6920,1249
Oregon,2008,13697,5365,7176,1155
Oregon,2009,13564,5253,6866,1445
Oregon,2010,13526,5348,6410,1768
Oregon,2011,12911,5220,5899,1793
Oregon,2012,12433,5148,6167,1118
Oregon,2013,11782,4895,5808,1079
Oregon,2014,12516,5117,6414,986
Oregon,2015,13446,5401,6954,1091
Oregon,2016,13871,5561,7221,1089
Oregon,2017,14172,5772,7376,1024
Pennsylvania,1995,15891,8920,6142,829
Pennsylvania,1996,16068,9049,6189,830
Pennsylvania,1997,16115,9206,6083,826
Pennsylvania,1998,16212,9321,6010,881
Pennsylvania,1999,16504,9522,6055,927
Pennsylvania,2000,16565,9572,6000,992
Pennsylvania,2001,16523,9616,5902,1005
Pennsylvania,2002,16924,9719,6032,1173
Pennsylvania,2003,17986,10472,6213,1301
Pennsylvania,2004,18422,10801,6205,1416
Pennsylvania,2005,18791,11070,6266,1456
Pennsylvania,2006,18885,11292,6175,1418
Pennsylvania,2007,18974,11316,6298,1361
Pennsylvania,2008,19200,11426,6416,1357
Pennsylvania,2009,19367,11110,6943,1313
Pennsylvania,2010,19986,11299,6559,2128
Pennsylvania,2011,19877,11304,6246,2328
Pennsylvania,2012,19253,11440,6332,1481
Pennsylvania,2013,19288,11565,6327,1395
Pennsylvania,2014,19368,11626,6529,1213
Pennsylvania,2015,19847,11965,6639,1244
Pennsylvania,2016,20786,12405,7092,1289
Pennsylvania,2017,21534,12690,7508,1337
Rhode Island,1995,15096,8321,6012,763
Rhode Island,1996,15100,8223,6108,769
Rhode Island,1997,15272,8392,6066,814
Rhode Island,1998,15640,8530,6270,840
Rhode Island,1999,16298,8540,6823,935
Rhode Island,2000,16659,8782,6949,929
Rhode Island,2001,17299,9127,7212,960
Rhode Island,2002,17220,9074,7129,1017
Rhode Island,2003,17656,9255,7287,1114
Rhode Island,2004,18110,9494,7307,1309
Rhode Island,2005,18244,9665,7180,1399
Rhode Island,2006,18666,9805,7469,1392
Rhode Island,2007,18859,9982,7394,1483
Rhode Island,2008,19065,10220,7396,1449
Rhode Island,2009,19044,10492,6751,1801
Rhode Island,2010,18897,10384,6386,2128
Rhode Island,2011,18950,10085,6848,2017
Rhode Island,2012,18299,10027,6559,1714
Rhode Island,2013,18803,10016,7181,1606
Rhode Island,2014,18730,9946,7269,1514
Rhode Island,2015,19018,9990,7535,1494
Rhode Island,2016,19376,10124,7822,1430
Rhode Island,2017,19626,10087,8120,1419
South Carolina,1995,10695,4860,4922,913
South Carolina,1996,11121,4413,5818,890
South Carolina,1997,11602,4587,6104,910
South Carolina,1998,12018,4778,6278,961
South Carolina,1999,12332,4927,6438,967
South Carolina,2000,12428,5043,6414,971
South Carolina,2001,13640,5224,7335,1081
South Carolina,2002,13776,5570,6996,1210
South Carolina,2003,13265,5605,6417,1244
South Carolina,2004,13239,5782,6087,1369
South Carolina,2005,13297,6013,5942,1341
South Carolina,2006,13493,6125,6041,1327
South Carolina,2007,13491,6299,5904,1288
South Carolina,2008,13747,5562,6953,1232
South Carolina,2009,13248,5654,6324,1270
South Carolina,2010,13189,5610,5774,1805
South Carolina,2011,12827,5546,5565,1717
South Carolina,2012,12712,5578,5782,1352
South Carolina,2013,12850,5644,5949,1257
South Carolina,2014,12638,5436,5991,1211
South Carolina,2015,12723,5489,6023,1211
South Carolina,2016,13321,5750,6355,1215
South Carolina,2017,13977,5903,6865,1209
South Dakota,1995,10265,6586,2694,986
South Dakota,1996,10326,6303,3042,981
South Dakota,1997,10682,5881,3792,1008
South Dakota,1998,11261,6165,4002,1093
South Dakota,1999,11561,6234,4140,1186
South Dakota,2000,11774,6236,4101,1437
South Dakota,2001,11759,6172,4199,1388
South Dakota,2002,12088,5943,4494,1651
South Dakota,2003,12160,6153,4137,1870
South Dakota,2004,12445,6275,4241,1929
South Dakota,2005,12412,6202,4127,2082
South Dakota,2006,12467,6349,4082,2036
South Dakota,2007,12452,6473,4072,1907
South Dakota,2008,12357,6384,4095,1877
South Dakota,2009,12056,6172,3937,1946
South Dakota,2010,12759,6352,3934,2473
South Dakota,2011,12227,6224,3530,2472
South Dakota,2012,11710,6231,3562,1917
South Dakota,2013,11321,6138,3508,1674
South Dakota,2014,11228,6223,3451,1554
South Dakota,2015,11484,6351,3454,1679
South Dakota,2016,11703,6596,3526,1581
South Dakota,2017,12268,6535,4171,1561
Tennessee,1995,9028,3923,4329,776
Tennessee,1996,9286,4100,4421,765
Tennessee,1997,9598,4190,4623,785
Tennessee,1998,10302,4514,4911,877
Tennessee,1999,10438,4687,4889,862
Tennessee,2000,10397,4765,4732,900
Tennessee,2001,10537,4872,4726,938
Tennessee,2002,10641,4948,4680,1012
Tennessee,2003,10645,4861,4704,1080
Tennessee,2004,10771,4942,4655,1175
Tennessee,2005,10643,4780,4632,1231
Tennessee,2006,10540,4840,4538,1162
Tennessee,2007,10338,4709,4536,1093
Tennessee,2008,10551,4611,4843,1097
Tennessee,2009,10313,4375,4832,1106
Tennessee,2010,10552,4365,4814,1374
Tennessee,2011,10416,4142,4747,1527
Tennessee,2012,10360,4276,4634,1451
Tennessee,2013,10065,4123,4626,1316
Tennessee,2014,10146,4203,4740,1203
Tennessee,2015,10248,4278,4753,1217
Tennessee,2016,10330,4412,4737,1181
Tennessee,2017,10705,4570,4906,1229
Texas,1995,11336,5681,4827,828
Texas,1996,11778,5717,5209,852
Texas,1997,11689,5835,5002,852
Texas,1998,11952,5865,5194,894
Texas,1999,12071,6099,5030,943
Texas,2000,12767,6178,5569,1020
Texas,2001,13007,6514,5383,1110
Texas,2002,13151,6733,5231,1187
Texas,2003,13437,6844,5300,1293
Texas,2004,13035,6821,4841,1373
Texas,2005,12793,6917,4485,1390
Texas,2006,12879,7085,4306,1488
Texas,2007,13013,6943,4768,1302
Texas,2008,12707,5908,5558,1240
Texas,2009,12763,6122,5334,1307
Texas,2010,13034,5983,4996,2056
Texas,2011,12578,5684,4971,1923
Texas,2012,11865,5563,4839,1463
Texas,2013,11430,5584,4544,1303
Texas,2014,11592,5660,4690,1242
Texas,2015,11913,5959,4705,1249
Texas,2016,12356,6192,4905,1259
Texas,2017,12262,6395,4629,1238
Utah,1995,8396,3282,4538,576
Utah,1996,8495,2934,4999,562
Utah,1997,8834,2744,5524,566
Utah,1998,9064,2901,5504,659
Utah,1999,9341,2965,5705,671
Utah,2000,9416,3141,5575,701
Utah,2001,9756,3291,5652,813
Utah,2002,9845,3247,5774,824
Utah,2003,9565,3338,5348,879
Utah,2004,9508,3297,5258,953
Utah,2005,9585,3362,5226,997
Utah,2006,9480,3345,5169,965
Utah,2007,9579,3402,5281,896
Utah,2008,9518,3199,5462,857
Utah,2009,10133,3305,5562,1267
Utah,2010,9504,3233,5007,1264
Utah,2011,8755,3227,4476,1051
Utah,2012,8522,3172,4485,865
Utah,2013,8308,3057,4460,791
Utah,2014,8185,2925,4550,711
Utah,2015,8540,3124,4696,720
Utah,2016,9009,3415,4897,698
Utah,2017,9190,3408,5050,732
Vermont,1995,18926,13691,4554,682
Vermont,1996,18926,13978,4229,719
Vermont,1997,19490,14343,4429,718
Vermont,1998,20390,14805,4747,838
Vermont,1999,21088,7673,12444,970
Vermont,2000,21447,7704,12614,1129
Vermont,2001,22587,8813,12726,1049
Vermont,2002,23749,9453,13118,1178
Vermont,2003,24574,10026,13194,1354
Vermont,2004,25182,10399,13223,1561
Vermont,2005,25813,7024,17283,1506
Vermont,2006,26421,7340,17520,1562
Vermont,2007,27141,7563,18154,1425
Vermont,2008,26981,7338,18302,1340
Vermont,2009,23995,3533,19014,1448
Vermont,2010,24209,3507,18319,2383
Vermont,2011,22811,3434,17940,1436
Vermont,2012,22839,3396,17835,1608
Vermont,2013,23319,3515,18346,1457
Vermont,2014,23953,3795,18867,1292
Vermont,2015,25295,4376,19602,1316
Vermont,2016,26572,4881,20297,1394
Vermont,2017,27466,5663,20435,1368
Virginia,1995,12165,7683,3777,705
Virginia,1996,12248,7953,3631,664
Virginia,1997,12984,8226,4127,631
Virginia,1998,13199,8394,4118,686
Virginia,1999,13681,8351,4644,687
Virginia,2000,13900,7265,5868,767
Virginia,2001,14089,7399,5901,789
Virginia,2002,14085,7512,5686,887
Virginia,2003,14361,7817,5589,955
Virginia,2004,14479,7978,5507,994
Virginia,2005,14889,7924,5954,1010
Virginia,2006,15139,8241,5900,998
Virginia,2007,15419,8147,6304,968
Virginia,2008,15139,8111,6107,920
Virginia,2009,15250,8019,6317,914
Virginia,2010,14645,7761,5382,1502
Virginia,2011,13876,7458,5067,1351
Virginia,2012,13694,7342,5100,1252
Virginia,2013,13679,7485,5212,983
Virginia,2014,13148,7147,5136,865
Virginia,2015,,,,
Virginia,2016,13652,7476,5288,888
Virginia,2017,13887,7533,5420,934
Washington,1995,12954,3351,8855,748
Washington,1996,13164,3520,8885,760
Washington,1997,13259,3651,8836,772
Washington,1998,13269,3723,8706,840
Washington,1999,13444,3883,8664,897
Washington,2000,13415,3985,8472,958
Washington,2001,13406,3956,8501,949
Washington,2002,13497,3951,8498,1048
Washington,2003,13568,4006,8449,1113
Washington,2004,13315,3976,8204,1135
Washington,2005,13185,3976,8061,1149
Washington,2006,13105,4033,7987,1086
Washington,2007,13390,4152,8201,1037
Washington,2008,13720,4126,8496,1098
Washington,2009,14336,4164,8520,1652
Washington,2010,14059,4231,8176,1652
Washington,2011,13519,4292,7674,1553
Washington,2012,13187,4299,7722,1166
Washington,2013,13059,4310,7637,1112
Washington,2014,13443,4306,8075,1062
Washington,2015,13790,4403,8345,1042
Washington,2016,14854,4619,9145,1090
Washington,2017,15236,4710,9493,1033
West Virginia,1995,12546,3601,7925,1019
West Virginia,1996,12666,3735,7905,1025
West Virginia,1997,13117,3816,8214,1087
West Virginia,1998,13754,3942,8532,1279
West Virginia,1999,13620,4016,8430,1174
West Virginia,2000,13620,4054,8290,1276
West Virginia,2001,13790,4091,8244,1455
West Virginia,2002,14124,4123,8490,1510
West Virginia,2003,14255,4054,8674,1526
West Virginia,2004,14250,4120,8527,1603
West Virginia,2005,14219,4024,8462,1733
West Virginia,2006,14051,4085,8235,1730
West Virginia,2007,13711,4128,7915,1668
West Virginia,2008,13282,4130,7717,1435
West Virginia,2009,13568,4153,7859,1557
West Virginia,2010,13723,4256,7247,2219
West Virginia,2011,14342,4267,8015,2060
West Virginia,2012,15975,6135,8152,1687
West Virginia,2013,13621,4189,7978,1454
West Virginia,2014,13444,4306,7834,1304
West Virginia,2015,13289,4299,7651,1339
West Virginia,2016,13078,4478,7269,1331
West Virginia,2017,13452,4646,7298,1508
Wisconsin,1995,14094,7361,6150,583
Wisconsin,1996,14446,7294,6536,616
Wisconsin,1997,14823,6378,7808,636
Wisconsin,1998,15251,6434,8131,686
Wisconsin,1999,15554,6692,8183,680
Wisconsin,2000,15806,6756,8335,715
Wisconsin,2001,16212,6995,8445,772
Wisconsin,2002,16267,6905,8513,849
Wisconsin,2003,16397,6864,8560,973
Wisconsin,2004,16246,6901,8371,974
Wisconsin,2005,16219,7190,8073,956
Wisconsin,2006,15830,6759,8138,933
Wisconsin,2007,15566,6800,7891,875
Wisconsin,2008,15438,6932,7591,915
Wisconsin,2009,15655,7047,6816,1793
Wisconsin,2010,15801,7309,6930,1561
Wisconsin,2011,15845,7382,7100,1362
Wisconsin,2012,14744,7209,6335,1201
Wisconsin,2013,14266,6981,6221,1064
Wisconsin,2014,14140,6911,6193,1037
Wisconsin,2015,14408,7059,6341,1008
Wisconsin,2016,14529,7181,6376,972
Wisconsin,2017,14878,7323,6568,986
Wyoming,1995,12840,5828,6152,859
Wyoming,1996,13178,5624,6740,814
Wyoming,1997,12950,5814,6289,847
Wyoming,1998,13834,6410,6495,928
Wyoming,1999,15250,6144,7973,1132
Wyoming,2000,15139,6016,7852,1271
Wyoming,2001,15218,6284,7626,1309
Wyoming,2002,17068,7319,8330,1418
Wyoming,2003,17988,7267,9145,1576
Wyoming,2004,17345,6614,9023,1708
Wyoming,2005,19793,7690,10241,1862
Wyoming,2006,18649,8547,8222,1880
Wyoming,2007,23071,10061,11276,1734
Wyoming,2008,23514,9626,12417,1470
Wyoming,2009,23796,8828,13430,1538
Wyoming,2010,23950,9947,12276,1727
Wyoming,2011,22124,8266,11781,2077
Wyoming,2012,21443,8608,10971,1864
Wyoming,2013,20904,8645,10860,1399
Wyoming,2014,20976,8221,11422,1334
Wyoming,2015,22512,8323,12810,1380
Wyoming,2016,23266,8486,13381,1400
Wyoming,2017,21808,7600,12879,1329
